Model,Max_Seq_Length,Batch_Size,Accuracy,F1_Score,TOPSIS_Score,Rank
bert-base-uncased,512,32,89.5,0.895,0.9660787739202867,3.0
roberta-base,512,32,91.2,0.912,1.0,1.0
distilbert-base-uncased,512,32,87.3,0.873,0.9253818495358043,5.0
xlnet-base-cased,512,32,90.8,0.908,0.9918187989552476,2.0
t5-small,512,16,88.7,0.887,0.028095145841244878,6.0
albert-base-v2,512,32,88.1,0.881,0.9397739224772974,4.0
